[
{"city": "New York", "state": "New York", "rank": "1"},
{"city": "Los Angeles", "state": "California", "rank": "2"},
{"city": "Chicago", "state": "Illinois", "rank": "3"},
{"city": "Houston", "state": "Texas", "rank": "4"},
{"city": "Phoenix", "state": "Arizona", "rank": "5"},
{"city": "Philadelphia", "state": "Pennsylvania", "rank": "6"},
{"city": "San Antonio", "state": "Texas", "rank": "7"},
{"city": "San Diego", "state": "California", "rank": "8"},
{"city": "Dallas", "state": "Texas", "rank": "9"},
{"city": "San Jose", "state": "California", "rank": "10"},
{"city": "Austin", "state": "Texas", "rank": "11"},
{"city": "Jacksonville", "state": "Florida", "rank": "12"},
{"city": "San Francisco", "state": "California", "rank": "13"},
{"city": "Columbus", "state": "Ohio", "rank": "14"},
{"city": "Indianapolis", "state": "Indiana", "rank": "15"},
{"city": "Fort Worth", "state": "Texas", "rank": "16"},
{"city": "Charlotte", "state": "North Carolina", "rank": "17"},
{"city": "Seattle", "state": "Washington", "rank": "18"},
{"city": "Denver", "state": "Colorado", "rank": "19"},
{"city": "El Paso", "state": "Texas", "rank": "20"},
{"city": "Washington", "state": "District of Columbia", "rank": "21"},
{"city": "Boston", "state": "Massachusetts", "rank": "22"},
{"city": "Detroit", "state": "Michigan", "rank": "23"},
{"city": "Nashville", "state": "Tennessee", "rank": "24"},
{"city": "Memphis", "state": "Tennessee", "rank": "25"},
{"city": "Portland", "state": "Oregon", "rank": "26"},
{"city": "Oklahoma City", "state": "Oklahoma", "rank": "27"},
{"city": "Las Vegas", "state": "Nevada", "rank": "28"},
{"city": "Louisville", "state": "Kentucky", "rank": "29"},
{"city": "Baltimore", "state": "Maryland", "rank": "30"},
{"city": "Milwaukee", "state": "Wisconsin", "rank": "31"},
{"city": "Albuquerque", "state": "New Mexico", "rank": "32"},
{"city": "Tucson", "state": "Arizona", "rank": "33"},
{"city": "Fresno", "state": "California", "rank": "34"},
{"city": "Sacramento", "state": "California", "rank": "35"},
{"city": "Mesa", "state": "Arizona", "rank": "36"},
{"city": "Kansas City", "state": "Missouri", "rank": "37"},
{"city": "Atlanta", "state": "Georgia", "rank": "38"},
{"city": "Long Beach", "state": "California", "rank": "39"},
{"city": "Colorado Springs", "state": "Colorado", "rank": "40"},
{"city": "Raleigh", "state": "North Carolina", "rank": "41"},
{"city": "Miami", "state": "Florida", "rank": "42"},
{"city": "Virginia Beach", "state": "Virginia", "rank": "43"},
{"city": "Omaha", "state": "Nebraska", "rank": "44"},
{"city": "Oakland", "state": "California", "rank": "45"},
{"city": "Minneapolis", "state": "Minnesota", "rank": "46"},
{"city": "Tulsa", "state": "Oklahoma", "rank": "47"},
{"city": "Arlington", "state": "Texas", "rank": "48"},
{"city": "New Orleans", "state": "Louisiana", "rank": "49"},
{"city": "Wichita", "state": "Kansas", "rank": "50"},
{"city": "Cleveland", "state": "Ohio", "rank": "51"},
{"city": "Tampa", "state": "Florida", "rank": "52"},
{"city": "Bakersfield", "state": "California", "rank": "53"},
{"city": "Aurora", "state": "Colorado", "rank": "54"},
{"city": "Honolulu", "state": "Hawaii", "rank": "55"},
{"city": "Anaheim", "state": "California", "rank": "56"},
{"city": "Santa Ana", "state": "California", "rank": "57"},
{"city": "Corpus Christi", "state": "Texas", "rank": "58"},
{"city": "Riverside", "state": "California", "rank": "59"},
{"city": "Lexington", "state": "Kentucky", "rank": "60"},
{"city": "St. Louis", "state": "Missouri", "rank": "61"},
{"city": "Stockton", "state": "California", "rank": "62"},
{"city": "Pittsburgh", "state": "Pennsylvania", "rank": "63"},
{"city": "Saint Paul", "state": "Minnesota", "rank": "64"},
{"city": "Cincinnati", "state": "Ohio", "rank": "65"},
{"city": "Anchorage", "state": "Alaska", "rank": "66"},
{"city": "Henderson", "state": "Nevada", "rank": "67"},
{"city": "Greensboro", "state": "North Carolina", "rank": "68"},
{"city": "Plano", "state": "Texas", "rank": "69"},
{"city": "Newark", "state": "New Jersey", "rank": "70"},
{"city": "Lincoln", "state": "Nebraska", "rank": "71"},
{"city": "Toledo", "state": "Ohio", "rank": "72"},
{"city": "Orlando", "state": "Florida", "rank": "73"},
{"city": "Chula Vista", "state": "California", "rank": "74"},
{"city": "Irvine", "state": "California", "rank": "75"},
{"city": "Fort Wayne", "state": "Indiana", "rank": "76"},
{"city": "Jersey City", "state": "New Jersey", "rank": "77"},
{"city": "Durham", "state": "North Carolina", "rank": "78"},
{"city": "St. Petersburg", "state": "Florida", "rank": "79"},
{"city": "Laredo", "state": "Texas", "rank": "80"},
{"city": "Buffalo", "state": "New York", "rank": "81"},
{"city": "Madison", "state": "Wisconsin", "rank": "82"},
{"city": "Lubbock", "state": "Texas", "rank": "83"},
{"city": "Chandler", "state": "Arizona", "rank": "84"},
{"city": "Scottsdale", "state": "Arizona", "rank": "85"},
{"city": "Glendale", "state": "Arizona", "rank": "86"},
{"city": "Reno", "state": "Nevada", "rank": "87"},
{"city": "Norfolk", "state": "Virginia", "rank": "88"},
{"city": "Winston\u2013Salem", "state": "North Carolina", "rank": "89"},
{"city": "North Las Vegas", "state": "Nevada", "rank": "90"},
{"city": "Irving", "state": "Texas", "rank": "91"},
{"city": "Chesapeake", "state": "Virginia", "rank": "92"},
{"city": "Gilbert", "state": "Arizona", "rank": "93"},
{"city": "Hialeah", "state": "Florida", "rank": "94"},
{"city": "Garland", "state": "Texas", "rank": "95"},
{"city": "Fremont", "state": "California", "rank": "96"},
{"city": "Baton Rouge", "state": "Louisiana", "rank": "97"},
{"city": "Richmond", "state": "Virginia", "rank": "98"},
{"city": "Boise", "state": "Idaho", "rank": "99"},
{"city": "San Bernardino", "state": "California", "rank": "100"},
{"city": "Spokane", "state": "Washington", "rank": "101"},
{"city": "Des Moines", "state": "Iowa", "rank": "102"},
{"city": "Modesto", "state": "California", "rank": "103"},
{"city": "Birmingham", "state": "Alabama", "rank": "104"},
{"city": "Tacoma", "state": "Washington", "rank": "105"},
{"city": "Fontana", "state": "California", "rank": "106"},
{"city": "Rochester", "state": "New York", "rank": "107"},
{"city": "Oxnard", "state": "California", "rank": "108"},
{"city": "Moreno Valley", "state": "California", "rank": "109"},
{"city": "Fayetteville", "state": "North Carolina", "rank": "110"},
{"city": "Aurora", "state": "Illinois", "rank": "111"},
{"city": "Glendale", "state": "California", "rank": "112"},
{"city": "Yonkers", "state": "New York", "rank": "113"},
{"city": "Huntington Beach", "state": "California", "rank": "114"},
{"city": "Montgomery", "state": "Alabama", "rank": "115"},
{"city": "Amarillo", "state": "Texas", "rank": "116"},
{"city": "Little Rock", "state": "Arkansas", "rank": "117"},
{"city": "Akron", "state": "Ohio", "rank": "118"},
{"city": "Columbus", "state": "Georgia", "rank": "119"},
{"city": "Augusta", "state": "Georgia", "rank": "120"},
{"city": "Grand Rapids", "state": "Michigan", "rank": "121"},
{"city": "Shreveport", "state": "Louisiana", "rank": "122"},
{"city": "Salt Lake City", "state": "Utah", "rank": "123"},
{"city": "Huntsville", "state": "Alabama", "rank": "124"},
{"city": "Mobile", "state": "Alabama", "rank": "125"},
{"city": "Tallahassee", "state": "Florida", "rank": "126"},
{"city": "Grand Prairie", "state": "Texas", "rank": "127"},
{"city": "Overland Park", "state": "Kansas", "rank": "128"},
{"city": "Knoxville", "state": "Tennessee", "rank": "129"},
{"city": "Port St. Lucie", "state": "Florida", "rank": "130"},
{"city": "Worcester", "state": "Massachusetts", "rank": "131"},
{"city": "Brownsville", "state": "Texas", "rank": "132"},
{"city": "Tempe", "state": "Arizona", "rank": "133"},
{"city": "Santa Clarita", "state": "California", "rank": "134"},
{"city": "Newport News", "state": "Virginia", "rank": "135"},
{"city": "Cape Coral", "state": "Florida", "rank": "136"},
{"city": "Providence", "state": "Rhode Island", "rank": "137"},
{"city": "Fort Lauderdale", "state": "Florida", "rank": "138"},
{"city": "Chattanooga", "state": "Tennessee", "rank": "139"},
{"city": "Rancho Cucamonga", "state": "California", "rank": "140"},
{"city": "Oceanside", "state": "California", "rank": "141"},
{"city": "Santa Rosa", "state": "California", "rank": "142"},
{"city": "Garden Grove", "state": "California", "rank": "143"},
{"city": "Vancouver", "state": "Washington", "rank": "144"},
{"city": "Sioux Falls", "state": "South Dakota", "rank": "145"},
{"city": "Ontario", "state": "California", "rank": "146"},
{"city": "McKinney", "state": "Texas", "rank": "147"},
{"city": "Elk Grove", "state": "California", "rank": "148"},
{"city": "Jackson", "state": "Mississippi", "rank": "149"},
{"city": "Pembroke Pines", "state": "Florida", "rank": "150"},
{"city": "Salem", "state": "Oregon", "rank": "151"},
{"city": "Springfield", "state": "Missouri", "rank": "152"},
{"city": "Corona", "state": "California", "rank": "153"},
{"city": "Eugene", "state": "Oregon", "rank": "154"},
{"city": "Fort Collins", "state": "Colorado", "rank": "155"},
{"city": "Peoria", "state": "Arizona", "rank": "156"},
{"city": "Frisco", "state": "Texas", "rank": "157"},
{"city": "Cary", "state": "North Carolina", "rank": "158"},
{"city": "Lancaster", "state": "California", "rank": "159"},
{"city": "Hayward", "state": "California", "rank": "160"},
{"city": "Palmdale", "state": "California", "rank": "161"},
{"city": "Salinas", "state": "California", "rank": "162"},
{"city": "Alexandria", "state": "Virginia", "rank": "163"},
{"city": "Lakewood", "state": "Colorado", "rank": "164"},
{"city": "Springfield", "state": "Massachusetts", "rank": "165"},
{"city": "Pasadena", "state": "Texas", "rank": "166"},
{"city": "Sunnyvale", "state": "California", "rank": "167"},
{"city": "Macon", "state": "Georgia", "rank": "168"},
{"city": "Pomona", "state": "California", "rank": "169"},
{"city": "Hollywood", "state": "Florida", "rank": "170"},
{"city": "Kansas City", "state": "Kansas", "rank": "171"},
{"city": "Escondido", "state": "California", "rank": "172"},
{"city": "Clarksville", "state": "Tennessee", "rank": "173"},
{"city": "Joliet", "state": "Illinois", "rank": "174"},
{"city": "Rockford", "state": "Illinois", "rank": "175"},
{"city": "Torrance", "state": "California", "rank": "176"},
{"city": "Naperville", "state": "Illinois", "rank": "177"},
{"city": "Paterson", "state": "New Jersey", "rank": "178"},
{"city": "Savannah", "state": "Georgia", "rank": "179"},
{"city": "Bridgeport", "state": "Connecticut", "rank": "180"},
{"city": "Mesquite", "state": "Texas", "rank": "181"},
{"city": "Killeen", "state": "Texas", "rank": "182"},
{"city": "Syracuse", "state": "New York", "rank": "183"},
{"city": "McAllen", "state": "Texas", "rank": "184"},
{"city": "Pasadena", "state": "California", "rank": "185"},
{"city": "Bellevue", "state": "Washington", "rank": "186"},
{"city": "Fullerton", "state": "California", "rank": "187"},
{"city": "Orange", "state": "California", "rank": "188"},
{"city": "Dayton", "state": "Ohio", "rank": "189"},
{"city": "Miramar", "state": "Florida", "rank": "190"},
{"city": "Thornton", "state": "Colorado", "rank": "191"},
{"city": "West Valley City", "state": "Utah", "rank": "192"},
{"city": "Olathe", "state": "Kansas", "rank": "193"},
{"city": "Hampton", "state": "Virginia", "rank": "194"},
{"city": "Warren", "state": "Michigan", "rank": "195"},
{"city": "Midland", "state": "Texas", "rank": "196"},
{"city": "Waco", "state": "Texas", "rank": "197"},
{"city": "Charleston", "state": "South Carolina", "rank": "198"},
{"city": "Columbia", "state": "South Carolina", "rank": "199"},
{"city": "Denton", "state": "Texas", "rank": "200"},
{"city": "Carrollton", "state": "Texas", "rank": "201"},
{"city": "Surprise", "state": "Arizona", "rank": "202"},
{"city": "Roseville", "state": "California", "rank": "203"},
{"city": "Sterling Heights", "state": "Michigan", "rank": "204"},
{"city": "Murfreesboro", "state": "Tennessee", "rank": "205"},
{"city": "Gainesville", "state": "Florida", "rank": "206"},
{"city": "Cedar Rapids", "state": "Iowa", "rank": "207"},
{"city": "Visalia", "state": "California", "rank": "208"},
{"city": "Coral Springs", "state": "Florida", "rank": "209"},
{"city": "New Haven", "state": "Connecticut", "rank": "210"},
{"city": "Stamford", "state": "Connecticut", "rank": "211"},
{"city": "Thousand Oaks", "state": "California", "rank": "212"},
{"city": "Concord", "state": "California", "rank": "213"},
{"city": "Elizabeth", "state": "New Jersey", "rank": "214"},
{"city": "Lafayette", "state": "Louisiana", "rank": "215"},
{"city": "Kent", "state": "Washington", "rank": "216"},
{"city": "Topeka", "state": "Kansas", "rank": "217"},
{"city": "Simi Valley", "state": "California", "rank": "218"},
{"city": "Santa Clara", "state": "California", "rank": "219"},
{"city": "Athens", "state": "Georgia", "rank": "220"},
{"city": "Hartford", "state": "Connecticut", "rank": "221"},
{"city": "Victorville", "state": "California", "rank": "222"},
{"city": "Abilene", "state": "Texas", "rank": "223"},
{"city": "Norman", "state": "Oklahoma", "rank": "224"},
{"city": "Vallejo", "state": "California", "rank": "225"},
{"city": "Berkeley", "state": "California", "rank": "226"},
{"city": "Round Rock", "state": "Texas", "rank": "227"},
{"city": "Ann Arbor", "state": "Michigan", "rank": "228"},
{"city": "Fargo", "state": "North Dakota", "rank": "229"},
{"city": "Columbia", "state": "Missouri", "rank": "230"},
{"city": "Allentown", "state": "Pennsylvania", "rank": "231"},
{"city": "Evansville", "state": "Indiana", "rank": "232"},
{"city": "Beaumont", "state": "Texas", "rank": "233"},
{"city": "Odessa", "state": "Texas", "rank": "234"},
{"city": "Wilmington", "state": "North Carolina", "rank": "235"},
{"city": "Arvada", "state": "Colorado", "rank": "236"},
{"city": "Independence", "state": "Missouri", "rank": "237"},
{"city": "Provo", "state": "Utah", "rank": "238"},
{"city": "Lansing", "state": "Michigan", "rank": "239"},
{"city": "El Monte", "state": "California", "rank": "240"},
{"city": "Springfield", "state": "Illinois", "rank": "241"},
{"city": "Fairfield", "state": "California", "rank": "242"},
{"city": "Clearwater", "state": "Florida", "rank": "243"},
{"city": "Peoria", "state": "Illinois", "rank": "244"},
{"city": "Rochester", "state": "Minnesota", "rank": "245"},
{"city": "Carlsbad", "state": "California", "rank": "246"},
{"city": "Westminster", "state": "Colorado", "rank": "247"},
{"city": "West Jordan", "state": "Utah", "rank": "248"},
{"city": "Pearland", "state": "Texas", "rank": "249"},
{"city": "Richardson", "state": "Texas", "rank": "250"},
{"city": "Downey", "state": "California", "rank": "251"},
{"city": "Miami Gardens", "state": "Florida", "rank": "252"},
{"city": "Temecula", "state": "California", "rank": "253"},
{"city": "Costa Mesa", "state": "California", "rank": "254"},
{"city": "College Station", "state": "Texas", "rank": "255"},
{"city": "Elgin", "state": "Illinois", "rank": "256"},
{"city": "Murrieta", "state": "California", "rank": "257"},
{"city": "Gresham", "state": "Oregon", "rank": "258"},
{"city": "High Point", "state": "North Carolina", "rank": "259"},
{"city": "Antioch", "state": "California", "rank": "260"},
{"city": "Inglewood", "state": "California", "rank": "261"},
{"city": "Cambridge", "state": "Massachusetts", "rank": "262"},
{"city": "Lowell", "state": "Massachusetts", "rank": "263"},
{"city": "Manchester", "state": "New Hampshire", "rank": "264"},
{"city": "Billings", "state": "Montana", "rank": "265"},
{"city": "Pueblo", "state": "Colorado", "rank": "266"},
{"city": "Palm Bay", "state": "Florida", "rank": "267"},
{"city": "Centennial", "state": "Colorado", "rank": "268"},
{"city": "Richmond", "state": "California", "rank": "269"},
{"city": "Ventura", "state": "California", "rank": "270"},
{"city": "Pompano Beach", "state": "Florida", "rank": "271"},
{"city": "North Charleston", "state": "South Carolina", "rank": "272"},
{"city": "Everett", "state": "Washington", "rank": "273"},
{"city": "Waterbury", "state": "Connecticut", "rank": "274"},
{"city": "West Palm Beach", "state": "Florida", "rank": "275"},
{"city": "Boulder", "state": "Colorado", "rank": "276"},
{"city": "West Covina", "state": "California", "rank": "277"},
{"city": "Broken Arrow", "state": "Oklahoma", "rank": "278"},
{"city": "Clovis", "state": "California", "rank": "279"},
{"city": "Daly City", "state": "California", "rank": "280"},
{"city": "Lakeland", "state": "Florida", "rank": "281"},
{"city": "Santa Maria", "state": "California", "rank": "282"},
{"city": "Norwalk", "state": "California", "rank": "283"},
{"city": "Sandy Springs", "state": "Georgia", "rank": "284"},
{"city": "Hillsboro", "state": "Oregon", "rank": "285"},
{"city": "Green Bay", "state": "Wisconsin", "rank": "286"},
{"city": "Tyler", "state": "Texas", "rank": "287"},
{"city": "Wichita Falls", "state": "Texas", "rank": "288"},
{"city": "Lewisville", "state": "Texas", "rank": "289"},
{"city": "Burbank", "state": "California", "rank": "290"},
{"city": "Greeley", "state": "Colorado", "rank": "291"},
{"city": "San Mateo", "state": "California", "rank": "292"},
{"city": "El Cajon", "state": "California", "rank": "293"},
{"city": "Jurupa Valley", "state": "California", "rank": "294"},
{"city": "Rialto", "state": "California", "rank": "295"},
{"city": "Davenport", "state": "Iowa", "rank": "296"},
{"city": "League City", "state": "Texas", "rank": "297"},
{"city": "Edison", "state": "New Jersey", "rank": "298"},
{"city": "Davie", "state": "Florida", "rank": "299"},
{"city": "Las Cruces", "state": "New Mexico", "rank": "300"},
{"city": "South Bend", "state": "Indiana", "rank": "301"},
{"city": "Vista", "state": "California", "rank": "302"},
{"city": "Woodbridge", "state": "New Jersey", "rank": "303"},
{"city": "Renton", "state": "Washington", "rank": "304"},
{"city": "Lakewood", "state": "New Jersey", "rank": "305"},
{"city": "San Angelo", "state": "Texas", "rank": "306"},
{"city": "Clinton", "state": "Michigan", "rank": "307"}
]